trialNumber,repeatNumber,rewardContingency,contrastLeft,contrastRight,correctResponse,choice,choiceCompleteTime,choiceStartTime,feedback,punishSoundOnsetTime,trialStartTime,preStimWaitTime,interactiveOnTime,feedbackTime,endTrialTime,environment,stimulusOnsetTime,goCueTime,rewardTime,rewardVolume
1,1,SymmetricReward,0,0.5,Right,Right,5.10886990011204,4.93900893814862,Rewarded,NaN,1.76213680009823,1.76319020008668,3.06349144992419,5.36108420009259,11.7320252499776,Neutral,2.38104359598461,3.099,5.39370034355392,3.5
2,1,SymmetricReward,0.125,0,Left,Left,13.807778300019,13.7387488279492,Rewarded,NaN,11.7405775500229,11.7409473500447,13.1042581000365,14.1437247501453,23.1572260000976,Neutral,12.3430332806586,13.139,14.1747003303768,3.5
3,1,SymmetricReward,0.0625,0,Left,Left,24.9240159500623,24.8530681887642,Rewarded,NaN,23.1652784000617,23.1656083000125,24.5264568501152,25.2286427500658,31.5200210000621,Neutral,23.7630419117653,24.573,25.2612003370208,3.5
4,1,SymmetricReward,0.25,0,Left,Left,33.3577595500974,33.1911315843463,Rewarded,NaN,31.5286419000477,31.529061700101,33.0008041000692,33.7448201500811,40.3329818999628,Neutral,32.1230513598346,33.052,33.7762003567328,3.5
5,1,SymmetricReward,0,0,Right,Left,41.9742160498863,41.8111584763974,Unrewarded,42.305,40.3408156000078,40.341710699955,41.5746407499537,42.269796299981,51.8864702999126,Neutral,40.9410442571793,41.6125,NaN,NaN
6,1,SymmetricReward,0,0.125,Right,Right,53.7238704999909,53.6381328282878,Rewarded,NaN,51.8930230999831,51.8933160000015,53.3232437999686,53.991549899918,60.4492377500283,Neutral,52.5010329942797,53.38,54.0222002909519,3.5
7,1,SymmetricReward,0,0.25,Right,Left,68.3080280000577,68.2444616453722,Unrewarded,68.5765,60.4563540499657,60.4566205500159,61.8206711999374,68.5454838001169,79.40236644994,Neutral,61.051150000013,61.861,NaN,NaN
8,1,SymmetricReward,0,0.0625,Right,Left,98.7914936498273,98.6841252641752,Unrewarded,99.0675,79.4108298498904,79.4112374499673,80.6660273999441,99.0352774000494,108.192012350075,Neutral,80.0070424299663,80.704,NaN,NaN
9,1,SymmetricReward,0.125,0,Left,Left,109.542225349927,109.448314129375,Rewarded,NaN,108.198576950002,108.198846550076,109.416651699925,109.809743450023,116.090306400089,Neutral,108.79754192461,109.4615,109.842200376442,3.5
10,1,SymmetricReward,0,0,Left,Left,118.510445649968,118.26044801902,Rewarded,NaN,116.096620100085,116.096894000075,117.335136849899,118.794082349981,126.966073950054,Neutral,116.692037753166,117.378,118.826200350085,3.5
11,1,SymmetricReward,0.0625,0,Left,Left,129.042900399887,128.944075885229,Rewarded,NaN,126.973702950054,126.973986050114,128.252265949966,129.435935099958,136.50963789993,Neutral,127.570547446672,128.3135,129.467200350085,3.5
12,1,SymmetricReward,0.25,0,Left,Left,138.676447400008,138.428584266454,Rewarded,NaN,136.516482299892,136.516744999913,137.748548600008,139.038251149934,147.669807649916,Neutral,137.118275719446,137.804,139.069704629778,3.5
13,1,SymmetricReward,0,0.5,Right,Right,149.909529799945,149.769094124436,Rewarded,NaN,147.676395349903,147.67666805,149.058367499965,150.24527319998,158.992623450118,Neutral,148.278514688527,149.1075,150.278700363263,3.5
14,1,SymmetricReward,0.5,0,Left,Left,161.292489650077,161.218051481061,Rewarded,NaN,159.000262150075,159.000585050089,160.954780749977,161.585216450039,169.130986150005,Neutral,160.278554883033,161.0045,161.617200356733,3.5
15,1,SymmetricReward,0.125,0,Left,Left,170.54354975,170.457778365351,Rewarded,NaN,169.137732650037,169.138003750006,170.363691100036,170.803367750021,177.490582700004,Neutral,169.738054187912,170.425,170.836200389623,3.5
16,1,SymmetricReward,0,0.25,Right,Right,184.810265799868,184.633415687829,Rewarded,NaN,177.497309300001,177.49758700002,178.781758950092,185.195088199922,192.279091000091,Neutral,178.093544927087,178.8305,185.226200356733,3.5
17,1,SymmetricReward,0,0.5,Right,Right,194.393067749916,194.145810568705,Rewarded,NaN,192.286532300059,192.286809100071,194.155596649973,194.676915949909,203.901048149914,Neutral,193.36679232248,194.2,194.706700369791,3.5
18,1,SymmetricReward,0.0625,0,Left,Right,206.626186200068,206.576992413029,Unrewarded,206.879,203.907957549905,203.908234849921,205.261769649922,206.83761050005,215.309876050102,Neutral,204.503242180114,205.3155,NaN,NaN
19,1,SymmetricReward,0,0.125,Right,Left,219.826499499963,219.742518748157,Unrewarded,220.1455,215.316474650055,215.316738850088,218.875327899936,220.104267599992,231.055035550031,Neutral,218.218544217895,218.918,NaN,NaN
20,1,SymmetricReward,0.25,0,Left,Right,232.493985750014,232.396792589687,Unrewarded,232.7955,231.063276749919,231.063553849934,232.445824049995,232.750049600028,242.153931050096,Neutral,231.662414324355,232.487,NaN,NaN
21,1,SymmetricReward,0,0.25,Right,Left,243.676344749983,243.600968449377,Unrewarded,244.0525,242.161527250079,242.161802850082,243.563599450048,244.01559944998,253.7828247,Neutral,242.758100669801,243.607,NaN,NaN
22,1,SymmetricReward,0,0.0625,Right,Right,261.693482549977,261.624942723662,Rewarded,NaN,253.790058600018,253.790369600058,255.221264300053,261.914835650008,269.489028649987,Neutral,254.394624420541,255.2715,261.94770040933,3.5
23,1,SymmetricReward,0,0.5,Right,Right,271.061097249971,271.010299106129,Rewarded,NaN,269.496385449893,269.496810149984,270.755310649867,271.305814050022,279.61676210002,Neutral,270.101036444856,270.799,271.336200402806,3.5
24,1,SymmetricReward,0,0.125,Right,Right,281.295598999946,281.092817979865,Rewarded,NaN,279.624481000006,279.624761599931,281.054015900008,281.632892249967,287.908983949921,Neutral,280.230514337155,281.0995,281.664700330377,3.5
25,1,SymmetricReward,0.0625,0,Left,Left,289.627094250056,289.533131874166,Rewarded,NaN,287.916221249965,287.916491149925,289.293381599942,290.025773399975,298.517716249917,Neutral,288.51904363581,289.345,290.057200337021,3.5
26,1,SymmetricReward,0.0625,0,Left,Right,299.86183405004,299.705507246777,Unrewarded,300.281,298.526729149977,298.527046249947,299.781096250052,300.248020499945,310.672645949875,Neutral,299.128027802837,299.829,NaN,NaN
27,1,SymmetricReward,0,0.0625,Right,Right,320.627442449913,320.539820985869,Rewarded,NaN,310.680112249916,310.68053294986,312.35735820001,320.906269849977,329.573447699891,Neutral,311.649044074527,312.4115,320.939200343554,3.5
28,1,SymmetricReward,0,0.125,Right,Right,333.911333799944,333.826188819483,Rewarded,NaN,329.580574499909,329.580844399869,330.860100749996,334.151244850014,341.54801239993,Neutral,330.185042291286,330.9085,334.182200396149,3.5
29,1,SymmetricReward,0.5,0,Left,Left,343.863154100021,343.797161694616,Rewarded,NaN,341.55526579998,341.555566899944,342.943314199918,344.235900650034,351.377461800002,Neutral,342.298034744435,342.9895,344.267700356733,3.5
30,1,SymmetricReward,0,0.0625,Right,Right,357.544684500084,357.486334523186,Rewarded,NaN,351.384963300079,351.385233100038,354.510566449957,357.824781800038,365.058958249982,Neutral,353.865031048643,354.5575,357.854716666049,3.5
31,1,SymmetricReward,0.0625,0,Left,Right,366.361728499993,366.11255841516,Unrewarded,366.735,365.066254749894,365.066522549954,366.265172800049,366.698502799962,376.118449250003,Neutral,365.664290891863,366.309,NaN,NaN
32,1,SymmetricReward,0.125,0,Left,Left,378.245336499996,378.184314263985,Rewarded,NaN,376.125296049984,376.125576950028,377.920247449889,378.454504999914,386.671589850099,Neutral,377.120040110396,378.007,378.486700382969,3.5
33,1,SymmetricReward,0,0,Left,Left,388.378075950081,388.325704636984,Rewarded,NaN,386.679551650072,386.679907750105,387.998481499963,388.643854500027,397.467188950046,Neutral,387.276007430133,388.059,388.674200363263,3.5
34,1,SymmetricReward,0,0.0625,Right,Left,400.344250299968,400.130989489146,Unrewarded,400.7645,397.475121550029,397.475447550067,399.962760799914,400.723683850025,410.685637849965,Neutral,399.183029311435,400.0125,NaN,NaN
35,1,SymmetricReward,0.125,0,Left,Right,412.01468979998,411.94247134123,Unrewarded,412.3445,410.692539950018,410.692818649928,411.951552499901,412.301389099914,420.879120749887,Neutral,411.292429805045,412,NaN,NaN
36,1,SymmetricReward,0.25,0,Left,Right,424.562569249887,424.314781686291,Unrewarded,424.932,420.886133549968,420.886403649929,424.384190049954,424.889716949896,433.9103681501,Neutral,423.57942231408,424.432,NaN,NaN
37,1,SymmetricReward,0,0.125,Right,Right,436.16253449989,436.048801039346,Rewarded,NaN,433.918010850088,433.918307150016,436.000798500027,436.531943949987,443.199475699919,Neutral,435.123046518284,436.0535,436.56420033691,3.5
38,1,SymmetricReward,0.125,0,Left,Left,444.829366049962,444.603759432212,Rewarded,NaN,443.207137699937,443.207403699984,444.424483249895,445.216347199981,453.113478800049,Neutral,443.811030517801,444.47,445.248700330486,3.5
39,1,SymmetricReward,0,0.0625,Right,Right,459.028994049993,458.98699625209,Rewarded,NaN,453.120891900035,453.121167900041,455.075889800093,459.335406649974,465.841096849996,Neutral,454.390509159265,455.118,459.365700356733,3.5
40,1,SymmetricReward,0.0625,0,Left,Right,467.645922649885,467.557447144762,Unrewarded,467.8945,465.848324749968,465.848597149947,467.114443550003,467.854689349886,477.192846949911,Neutral,466.453521882954,467.1955,NaN,NaN
41,1,SymmetricReward,0,0.25,Right,Left,478.595564899966,478.402197008952,Unrewarded,478.9435,477.200698949979,477.200981049915,478.416404399904,478.902576899971,487.35800639994,Neutral,477.802004890948,478.4615,NaN,NaN
42,1,SymmetricReward,0,0,Left,Right,491.746698549949,491.626594843343,Unrewarded,492.122,487.365302699967,487.365575899952,489.513077249983,492.081675999914,500.352978150011,Neutral,488.82254322641,489.559,NaN,NaN
43,1,SymmetricReward,0,0,Left,Right,505.47914369998,505.433510670438,Unrewarded,505.746,500.360097949975,500.360395050026,501.637390749995,505.701878749998,514.121198549983,Neutral,500.955573740837,501.683,NaN,NaN
44,1,SymmetricReward,0,0.0625,Right,Right,531.180629499955,531.135567848571,Rewarded,NaN,514.128809649963,514.129076849902,516.842926150071,531.50753625005,537.915132949944,Neutral,516.02805212654,516.8955,531.539700350085,3.5
45,1,SymmetricReward,0,0.5,Right,Left,539.464610600029,539.380676245317,Unrewarded,539.8135,537.92346614995,537.923726349953,539.318899100064,539.77165775001,547.823092549923,Neutral,538.520022526251,539.3625,NaN,NaN
46,2,SymmetricReward,0,0.5,Right,Right,549.463529050001,549.413619119674,Rewarded,NaN,547.830315549974,547.830586749944,549.171134250006,549.802075799904,557.446146699949,Neutral,548.430540766333,549.222,549.833700369913,3.5
47,1,SymmetricReward,0,0.0625,Right,Right,560.998288700008,560.952432975173,Rewarded,NaN,557.453318899963,557.453588099917,558.881613200065,561.253611249966,567.661776199937,Neutral,558.054157172356,558.9295,561.287200396149,3.5
48,1,SymmetricReward,0,0,Left,Left,571.963664499926,571.716621840373,Rewarded,NaN,567.668478199979,567.668736399966,571.040876699961,572.167739900062,580.937354600057,Neutral,570.348832897629,571.087,572.199700376442,3.5
49,1,SymmetricReward,0,0.5,Right,Right,582.546906000003,582.34447670728,Rewarded,NaN,580.944553700043,580.944825300132,582.416491549928,582.883522699936,589.243040249916,Neutral,581.550496141514,582.4595,582.916200343554,3.5
50,1,SymmetricReward,0,0.125,Right,Right,591.016618249938,590.769298101775,Rewarded,NaN,589.250295749982,589.250565749942,590.646828649915,591.34761124989,598.617755699903,Neutral,589.85055509071,590.709,591.379700323842,3.5
51,1,SymmetricReward,0.5,0,Left,Left,600.214449399966,600.098881484941,Rewarded,NaN,598.62565079995,598.625917999889,599.869578699931,600.568720550044,609.434012099984,Neutral,599.224543367025,599.9195,600.599700356733,3.5
52,1,SymmetricReward,0.25,0,Left,Left,612.565161749953,612.365842831321,Rewarded,NaN,609.441228999989,609.441504699993,612.278278650017,612.893242549966,622.176680549979,Neutral,611.585578787885,612.331,612.924700356733,3.5
53,1,SymmetricReward,0.25,0,Left,Left,624.532735150075,624.449992679991,Rewarded,NaN,622.185231650015,622.185516249971,623.673928000033,624.900199350086,632.118248099927,Neutral,622.781511762749,623.7225,624.931700343554,3.5
54,1,SymmetricReward,0,0.125,Right,Right,635.765635150019,635.719237038866,Rewarded,NaN,632.124990099925,632.125269599957,634.394276900101,636.014392299927,642.691199999885,Neutral,633.626252145235,634.44,636.047200323842,3.5
55,1,SymmetricReward,0.0625,0,Left,Left,645.097767649917,645.055017421953,Rewarded,NaN,642.698543299921,642.698826499982,644.13267334993,645.406384949922,654.234419999993,Neutral,643.294047570658,644.1775,645.43870040933,3.5
56,1,SymmetricReward,0,0.5,Right,Right,656.114740199992,655.865683786571,Rewarded,NaN,654.241556099965,654.241820099996,655.514234600123,656.473056899966,663.665276400046,Neutral,654.84105687259,655.5595,656.507200317306,3.5
57,1,SymmetricReward,0.125,0,Left,Right,665.731721950113,665.508215665817,Unrewarded,666.016,663.672295500059,663.672571100062,664.936925749993,665.974757050164,674.943010999938,Neutral,664.27204378034,664.982,NaN,NaN
58,1,SymmetricReward,0,0.0625,Right,Right,677.265434050118,677.195757519454,Rewarded,NaN,674.950231599971,674.950492299977,676.424339499907,677.532403899939,685.471155199921,Neutral,675.551549141349,676.4705,677.566200356733,3.5
59,1,SymmetricReward,0,0.125,Right,Right,687.215740850079,687.138843894936,Rewarded,NaN,685.478395399987,685.47865830001,686.914790099952,687.508310799953,694.776460999972,Neutral,686.086058480223,686.9915,687.538700396149,3.5
60,1,SymmetricReward,0.125,0,Left,Left,696.298359549954,696.133789282292,Rewarded,NaN,694.784415800008,694.784690400003,696.225036449847,696.543963050004,703.365116750007,Neutral,695.386535317956,696.27,696.575200363263,3.5
61,1,SymmetricReward,0,0.0625,Right,Right,705.58157229994,705.333235667087,Rewarded,NaN,703.373118850053,703.373434350011,704.584448550013,705.84088709997,714.700801749947,Neutral,703.969518693405,704.6295,705.872700343554,3.5
62,1,SymmetricReward,0,0.5,Right,Right,716.248392050038,716.00137103349,Rewarded,NaN,714.708041349892,714.708302149898,716.060274449992,716.524217249942,722.87135755003,Neutral,715.312540178858,716.112,716.555200337021,3.5
63,1,SymmetricReward,0,0.0625,Right,Right,725.215991599835,725.132650419138,Rewarded,NaN,722.879036050057,722.879296650062,725.074507699814,725.554275649949,734.164313599933,Neutral,724.343544814463,725.1245,725.586200343554,3.5
64,1,SymmetricReward,0,0.5,Right,Right,740.149890900124,740.082912731916,Rewarded,NaN,734.17164830002,734.17190820002,735.626792149968,740.54448339995,749.6503430499,Neutral,734.774543216698,735.7055,740.575200376442,3.5
65,1,SymmetricReward,0.25,0,Left,Left,752.782030400005,752.72169407364,Rewarded,NaN,749.657750549959,749.65802854998,751.438922250061,753.05211535003,761.594046399929,Neutral,750.674529098362,751.4815,753.083200363263,3.5
66,1,SymmetricReward,0,0.0625,Right,Right,765.01856674999,764.818237922154,Rewarded,NaN,761.601235799957,761.601505799918,764.189061750076,765.402412649943,772.733486050041,Neutral,763.466520078613,764.241,765.434200363263,3.5
67,1,SymmetricReward,0.125,0,Left,Left,774.532694250112,774.395701302215,Rewarded,NaN,772.740952550084,772.741220250027,774.200445899973,774.935782850021,783.817777299904,Neutral,773.337044990837,774.253,774.968200330377,3.5
68,1,SymmetricReward,0,0.125,Right,Right,787.032478749868,786.953921644948,Rewarded,NaN,783.825557200005,783.825851099915,786.716448600055,787.338301949785,795.629629950039,Neutral,785.996036870969,786.762,787.368700330377,3.5
69,1,SymmetricReward,0.25,0,Left,Left,796.983313900069,796.735886022449,Rewarded,NaN,795.637390849995,795.637664349983,796.933308200096,797.332624849863,806.497454099939,Neutral,796.244033225075,796.9825,797.364700396149,3.5
70,1,SymmetricReward,0,0.25,Right,Right,808.216062049964,807.986539381556,Rewarded,NaN,806.505789899966,806.506088199909,807.853896600078,808.45560945,817.244256999926,Neutral,807.105162553205,807.904,808.487700396149,3.5
71,1,SymmetricReward,0.5,0,Left,Left,820.518763399916,820.306175227277,Rewarded,NaN,817.251799299964,817.252093799994,820.402253799955,820.763215099927,827.231726749917,Neutral,819.512039974377,820.4725,820.795200350085,3.5
72,1,SymmetricReward,0,0.0625,Right,Right,832.099806400016,831.851186082698,Rewarded,NaN,827.239546149853,827.239851549966,830.152551600011,832.308732100064,839.964286900009,Neutral,829.383780000021,830.2395,832.340200389623,3.5
73,1,SymmetricReward,0,0.0625,Right,Right,844.366936599836,844.297860426828,Rewarded,NaN,839.972963500069,839.973245400004,842.933224449866,844.60669679998,850.98806725,Neutral,842.221034468751,842.979,844.637700290952,3.5
74,1,SymmetricReward,0.5,0,Left,Right,852.549959299969,852.344664826058,Unrewarded,852.847,850.997323949938,850.997600449948,852.384833449963,852.809331799974,861.20225115004,Neutral,851.595273345281,852.433,NaN,NaN
75,2,SymmetricReward,0.5,0,Left,Left,862.51955680002,862.272258701734,Rewarded,NaN,861.209012550069,861.209292950109,862.46557184984,862.919776300085,871.710650649969,Neutral,861.81242762434,862.5125,862.950700376442,3.5
76,1,SymmetricReward,0,0.25,Right,Left,873.584114750032,873.33700206317,Unrewarded,874.005,871.718527649879,871.718795049936,873.466776799993,873.968788650003,882.602654950111,Neutral,872.724581726701,873.512,NaN,NaN
77,1,SymmetricReward,0.5,0,Left,Right,884.368267150014,884.119781928137,Unrewarded,884.707,882.60971415008,882.609987250064,884.269680349971,884.663059149985,895.173772799899,Neutral,883.627521902876,884.322,NaN,NaN
78,2,SymmetricReward,0.5,0,Left,Left,896.683909449959,896.436319273897,Rewarded,NaN,895.180757299997,895.181036899914,896.585352849914,897.040565949981,903.381835050066,Neutral,895.779026188906,896.6375,897.070200396149,3.5
79,1,SymmetricReward,0.0625,0,Left,Right,904.852539499989,904.811564669013,Unrewarded,905.1735,903.38937764999,903.389636949985,904.722288000048,905.135695150006,914.832494750037,Neutral,903.986545476924,904.7705,NaN,NaN
80,1,SymmetricReward,0,0.5,Right,Left,916.220804149983,916.161370026879,Unrewarded,916.4845,914.839435550035,914.839704450103,916.077316849958,916.443528149975,927.441507749958,Neutral,915.436544396419,916.1315,NaN,NaN
81,2,SymmetricReward,0,0.5,Right,Right,929.034186799894,928.784658868797,Rewarded,NaN,927.448609050014,927.448884950019,928.918065100093,929.400489999913,936.098996699904,Neutral,928.050067391309,928.962,929.431700369791,3.5
82,1,SymmetricReward,0,0,Left,Left,947.951761999982,947.704099631868,Rewarded,NaN,936.106469299877,936.106744399876,938.893824850093,948.263676699949,955.476971449913,Neutral,938.28344355304,938.9415,948.293700415853,3.5
83,1,SymmetricReward,0,0,Left,Left,958.834703649976,958.765744493343,Rewarded,NaN,955.484350649989,955.484625249985,956.737785450066,959.167137800017,965.62684225,Neutral,956.086538447089,956.782,959.198200317306,3.5
84,1,SymmetricReward,0.125,0,Left,Left,967.168695300003,966.93648889102,Rewarded,NaN,965.635008150013,965.635276550078,967.025551500032,967.486297200085,974.323222100036,Neutral,966.230013161468,967.0695,967.517200343554,3.5
85,1,SymmetricReward,0.125,0,Left,Left,982.668703350006,982.59011069499,Rewarded,NaN,974.330429099966,974.330709100002,979.331002100022,983.020840049954,991.700984149938,Neutral,978.736044461682,979.38,983.053700350085,3.5
86,1,SymmetricReward,0,0,Left,Left,993.385245900019,993.273738561198,Rewarded,NaN,991.708036049968,991.70830494992,992.98066354997,993.614083249937,1002.49019774992,Neutral,992.306539623225,993.0405,993.646200363263,3.5
87,1,SymmetricReward,0,0.125,Right,Left,1003.91884424991,1003.66920593102,Unrewarded,1004.3455,1002.49777054996,1002.49803634989,1003.87050874997,1004.30244835,1012.70938404999,Neutral,1003.10350514286,1003.9335,NaN,NaN
88,1,SymmetricReward,0.125,0,Left,Right,1014.05180464999,1013.80439930409,Unrewarded,1014.4665,1012.71723904996,1012.71749844996,1013.93095704995,1014.42326025001,1025.42374855001,Neutral,1013.3205394441,1013.9825,NaN,NaN
89,1,SymmetricReward,0.0625,0,Left,Left,1039.02195415017,1038.91154448967,Rewarded,NaN,1025.43080285005,1025.43107055,1026.68015390006,1039.33852165018,1047.28585794999,Neutral,1026.03704099282,1026.733,1039.37020033702,3.5
90,1,SymmetricReward,0,0,Right,Left,1058.60285194998,1058.53124624398,Unrewarded,1058.925,1047.29267114995,1047.29294464993,1050.20366299991,1058.88232284994,1068.82350249996,Neutral,1049.35357515001,1050.251,NaN,NaN
91,1,SymmetricReward,0,0,Right,Left,1087.75279434992,1087.66644137911,Unrewarded,1088.086,1068.8308615,1068.83113169996,1070.25755334995,1088.04826089984,1096.94539195008,Neutral,1069.4308806931,1070.3005,NaN,NaN
92,1,SymmetricReward,0,0.25,Right,Right,1098.57007329992,1098.51119124331,Rewarded,NaN,1096.95327845006,1096.95356125,1098.28611039999,1098.78054049995,1107.17026685004,Neutral,1097.55104503457,1098.3425,1098.81020031731,3.5
93,1,SymmetricReward,0,0.25,Right,Right,1109.66995114996,1109.61311660428,Rewarded,NaN,1107.17810264998,1107.17836274998,1109.17863355007,1109.95712434989,1117.0072416499,Neutral,1108.41609049317,1109.2255,1109.98720037644,3.5
94,1,SymmetricReward,0.25,0,Left,Left,1120.80299684999,1120.57251096703,Rewarded,NaN,1117.01446324994,1117.01473974995,1120.55451724993,1121.02937574999,1127.81623140001,Neutral,1119.87073738463,1120.616,1121.06270035009,3.5
95,1,SymmetricReward,0,0.0625,Right,Left,1140.46969205001,1140.39981221873,Unrewarded,1140.7855,1127.82561079995,1127.82592099998,1129.28367459984,1140.74949929991,1149.67114244995,Neutral,1128.42300127817,1129.3315,NaN,NaN
96,1,SymmetricReward,0.125,0,Left,Left,1151.27111879992,1151.08344008494,Rewarded,NaN,1149.67850645003,1149.67877504998,1151.04827429994,1151.66861689999,1158.16932370001,Neutral,1150.27704025138,1151.098,1151.70020664838,3.5
97,1,SymmetricReward,0.25,0,Left,Right,1159.76991179993,1159.52065547928,Unrewarded,1160.117,1158.1771196,1158.17738370004,1159.59576009994,1160.07471259998,1170.63520134997,Neutral,1158.77601343964,1159.644,NaN,NaN
98,1,SymmetricReward,0,0.25,Right,Right,1183.5062229,1183.44727217965,Rewarded,NaN,1170.64281144994,1170.64308265003,1172.10966215003,1183.91035150003,1192.50559165003,Neutral,1171.24553843548,1172.153,1183.94170036326,3.5
99,1,SymmetricReward,0.25,0,Left,Right,1194.76995240001,1194.58947804011,Unrewarded,1195.1155,1192.51295615011,1192.51322145003,1194.19868435001,1195.07485414995,1203.24437790003,Neutral,1193.5251153788,1194.248,NaN,NaN
100,1,SymmetricReward,0,0.0625,Right,Left,1204.78728629998,1204.53876141552,Unrewarded,1205.069,1203.25172750012,1203.25200910005,1204.71777640004,1205.02322395006,1215.39665749995,Neutral,1203.85701531414,1204.7635,NaN,NaN
101,1,SymmetricReward,0,0,Left,Left,1224.05519044993,1223.98494717199,Rewarded,NaN,1215.40471039992,1215.40498649993,1216.66884755006,1224.4087063499,1231.26301099989,Neutral,1215.99906617263,1216.713,1224.44170036326,3.5
102,1,SymmetricReward,0,0.125,Right,Left,1232.58731149998,1232.4407535661,Unrewarded,1232.866,1231.27031069994,1231.27057469985,1232.49096205004,1232.82951760001,1241.47291919996,Neutral,1231.8655469601,1232.5395,NaN,NaN
103,1,SymmetricReward,0,0.125,Right,Right,1243.2058463,1243.15536643192,Rewarded,NaN,1241.48022619996,1241.48051819997,1242.85509059986,1243.43135119998,1251.96351499995,Neutral,1242.08354530457,1242.9015,1243.46470036326,3.5
104,1,SymmetricReward,0.25,0,Left,Left,1255.88753685006,1255.66710927524,Rewarded,NaN,1251.97095649992,1251.97121759993,1255.36287489999,1256.12893370003,1264.87293524994,Neutral,1254.59934708523,1255.4105,1256.16070036326,3.5
105,1,SymmetricReward,0,0.125,Right,Left,1266.3557107501,1266.20510764327,Unrewarded,1266.705,1264.88023154996,1264.88049624988,1266.22304525005,1266.67186390003,1275.3117523999,Neutral,1265.4865740668,1266.2835,NaN,NaN
106,1,SymmetricReward,0,0.125,Right,Right,1280.05690665008,1279.96864447091,Rewarded,NaN,1275.31933799991,1275.31960949989,1279.53541885014,1280.43106415006,1288.41068279999,Neutral,1278.83144595379,1279.585,1280.46270040281,3.5
107,1,SymmetricReward,0.125,0,Left,Left,1290.18798275001,1290.10693634395,Rewarded,NaN,1288.41810210003,1288.41837710002,1289.70395805,1290.45836615004,1299.2943212,Neutral,1289.02352442797,1289.7505,1290.49070036326,3.5
108,1,SymmetricReward,0.5,0,Left,Left,1300.92139685014,1300.84633720946,Rewarded,NaN,1299.30185019993,1299.30211239995,1300.64537435013,1301.24076055002,1308.60650244995,Neutral,1299.90418431847,1300.6955,1301.27170033038,3.5
109,1,SymmetricReward,0,0.5,Right,Left,1309.92155520013,1309.8505780967,Unrewarded,1310.245,1308.61623145,1308.61667404999,1309.87306820008,1310.21210770006,1319.1082182501,Neutral,1309.22052957564,1309.9225,NaN,NaN
110,2,SymmetricReward,0,0.5,Right,Right,1321.38846460008,1321.22826995421,Rewarded,NaN,1319.11507175001,1319.11534785002,1320.87597079994,1321.61313265003,1328.87894650002,Neutral,1320.10154294361,1320.9215,1321.64470036991,3.5
111,1,SymmetricReward,0,0.125,Right,Right,1332.37171164993,1332.12259581778,Rewarded,NaN,1328.88640690001,1328.88670859998,1330.23923259997,1332.73346464988,1340.88818699995,Neutral,1329.48930352944,1330.2855,1332.76470036326,3.5
112,1,SymmetricReward,0,0,Left,Right,1342.85637495003,1342.60791968647,Unrewarded,1343.1885,1340.89537049993,1340.89564509992,1342.35018229997,1343.14971070003,1352.94624175003,Neutral,1341.4960534305,1342.3925,NaN,NaN
113,1,SymmetricReward,0.25,0,Left,Right,1354.32205455005,1354.0723695429,Unrewarded,1354.627,1352.95362215,1352.95389175008,1354.22784905008,1354.59181959985,1364.62096650002,Neutral,1353.54906926268,1354.275,NaN,NaN
114,1,SymmetricReward,0,0.125,Right,Right,1366.2241182999,1366.02328389324,Rewarded,NaN,1364.62889449997,1364.62916209991,1365.90104004997,1366.47933899995,1375.0563384,Neutral,1365.22905562617,1365.953,1366.51370036326,3.5
115,1,SymmetricReward,0.25,0,Left,Left,1376.62263960007,1376.52410026174,Rewarded,NaN,1375.06340300001,1375.06366580003,1376.56835880002,1376.89105810004,1383.62958429998,Neutral,1375.90852238372,1376.6105,1376.92170034355,3.5
116,1,SymmetricReward,0,0,Right,Left,1387.90662425,1387.84292061999,Unrewarded,1388.236,1383.63703889993,1383.637307,1385.0064821,1388.19355685008,1398.9194996499,Neutral,1384.23154574534,1385.0585,NaN,NaN
117,1,SymmetricReward,0,0.5,Right,Right,1406.29087869998,1406.21392688993,Rewarded,NaN,1398.92724234995,1398.92751414992,1400.31443324999,1406.66559405008,1413.6347365001,Neutral,1399.52751554977,1400.3635,1406.69670035673,3.5
118,1,SymmetricReward,0,0.125,Right,Right,1418.7070089,1418.63581323437,Rewarded,NaN,1413.64213110006,1413.6423959001,1415.07193939993,1419.00631665008,1427.48902474984,Neutral,1414.2490359321,1415.121,1419.03770035673,3.5
119,1,SymmetricReward,0.125,0,Left,Left,1431.08996394987,1431.00192657951,Rewarded,NaN,1427.49677094992,1427.49703474983,1428.78046729998,1431.34263814997,1438.83408495004,Neutral,1428.09159832691,1428.8335,1431.37420035673,3.5
120,1,SymmetricReward,0.25,0,Left,Left,1440.29154994991,1440.04334946629,Rewarded,NaN,1438.84119595005,1438.84145775007,1440.20507385,1440.5178576,1448.95020894997,Neutral,1439.43719331654,1440.275,1440.55020037644,3.5
121,1,SymmetricReward,0.5,0,Left,Left,1452.14055734989,1452.06552931573,Rewarded,NaN,1448.95762165007,1448.95788935001,1451.94722564996,1452.50691590004,1459.12546105008,Neutral,1451.30955562477,1451.991,1452.53920036326,3.5
122,1,SymmetricReward,0,0.125,Right,Left,1460.52325149986,1460.27345571294,Unrewarded,1460.9465,1459.13245435001,1459.13273125002,1460.4538739,1460.91074489988,1470.74424284999,Neutral,1459.73504668351,1460.503,NaN,NaN
123,1,SymmetricReward,0,0.25,Right,Right,1479.72374220006,1479.54612547159,Rewarded,NaN,1470.75345825008,1470.75373945001,1473.85170029989,1480.03112619999,1488.46842770011,Neutral,1472.99154247429,1473.901,1480.06470036326,3.5
124,1,SymmetricReward,0.0625,0,Left,Left,1490.30791424995,1490.20186683815,Rewarded,NaN,1488.47660400008,1488.47687320004,1489.79324089992,1490.62002325,1498.46554454998,Neutral,1489.07201632653,1489.8445,1490.65120033702,3.5
125,1,SymmetricReward,0.5,0,Left,Left,1499.97514754988,1499.9001717167,Rewarded,NaN,1498.47279214999,1498.47309015004,1499.86195224989,1500.20056500006,1507.32975614991,Neutral,1499.07803801679,1499.912,1500.23270034355,3.5
126,1,SymmetricReward,0.0625,0,Left,Left,1510.30746425001,1510.25845708698,Rewarded,NaN,1507.33788054995,1507.33814704989,1510.26162474998,1510.5635545,1519.35537240002,Neutral,1509.36250865986,1510.317,1510.59670031087,3.5
127,1,SymmetricReward,0.125,0,Left,Left,1522.95813755004,1522.86315492913,Rewarded,NaN,1519.36287790001,1519.36328569998,1521.92499984999,1523.27203694999,1532.15876785002,Neutral,1521.26053113716,1521.975,1523.30470034355,3.5
128,1,SymmetricReward,0,0.25,Right,Left,1533.82417905005,1533.74818529282,Unrewarded,1534.266,1532.16601024999,1532.16627655004,1533.58866365009,1534.22545124998,1542.77347274998,Neutral,1532.76912916316,1533.6315,NaN,NaN
129,1,SymmetricReward,0,0,Left,Left,1553.44136840012,1553.3616900472,Rewarded,NaN,1542.78025315003,1542.78052545001,1543.99177025014,1553.79045844998,1560.42397530004,Neutral,1543.37562710745,1544.0485,1553.82220035673,3.5
130,1,SymmetricReward,0,0.125,Right,Left,1567.10865025013,1566.96410487685,Unrewarded,1567.5245,1560.43094929995,1560.43121730001,1562.34354555001,1567.49042095011,1577.97057274997,Neutral,1561.71602521327,1562.3915,NaN,NaN
131,1,SymmetricReward,0.25,0,Left,Left,1581.12450229994,1581.0467872005,Rewarded,NaN,1577.97837004997,1577.97863254999,1580.83881734998,1581.51145630004,1589.59986735007,Neutral,1580.16505299146,1580.884,1581.5422003502,3.5
132,1,SymmetricReward,0.25,0,Left,Left,1591.20873079996,1591.11691207439,Rewarded,NaN,1589.60754265008,1589.60781865008,1590.94267595001,1591.51063150004,1598.71853710001,Neutral,1590.21354420024,1590.9945,1591.54270038962,3.5
133,1,SymmetricReward,0.0625,0,Left,Left,1601.10929774994,1601.03521045018,Rewarded,NaN,1598.7262568,1598.72652869998,1599.97822070005,1601.47615745,1609.31739395007,Neutral,1599.32168120569,1600.023,1601.50770033038,3.5
134,1,SymmetricReward,0,0.0625,Right,Right,1611.04250790004,1610.98139532562,Rewarded,NaN,1609.32412635011,1609.32439075003,1610.53656600008,1611.30898289999,1620.00899204996,Neutral,1609.92035034171,1610.5825,1611.34220034355,3.5
135,1,SymmetricReward,0,0.125,Right,Right,1625.22556960001,1625.1415401483,Rewarded,NaN,1620.01688074996,1620.01715414994,1622.14933850011,1625.56954440009,1632.92250160011,Neutral,1621.53394610954,1622.1935,1625.60320033038,3.5
136,1,SymmetricReward,0.5,0,Left,Left,1635.77709659992,1635.72291751578,Rewarded,NaN,1632.93042100011,1632.93068770005,1635.29892724997,1636.13928594987,1643.40831770003,Neutral,1634.65354698986,1635.347,1636.17170036326,3.5
137,1,SymmetricReward,0,0,Right,Left,1645.35901919997,1645.31277489569,Unrewarded,1645.6665,1643.41590360005,1643.4161703001,1644.65509934991,1645.63132350007,1655.20857699995,Neutral,1644.01551981404,1644.7065,NaN,NaN
138,1,SymmetricReward,0,0.25,Right,Left,1656.67501564999,1656.42709425651,Unrewarded,1656.9865,1655.21583479992,1655.21611619997,1656.61818804999,1656.95028395008,1667.86268250016,Neutral,1655.81405210781,1656.668,NaN,NaN
139,1,SymmetricReward,0,0.125,Right,Left,1671.37574214989,1671.26271207072,Unrewarded,1671.8095,1667.87007010006,1667.87033820013,1669.21919299988,1671.76559724996,1680.23509204993,Neutral,1668.47054688587,1669.265,NaN,NaN
140,1,SymmetricReward,0,0.5,Right,Right,1684.24252854998,1684.16796440911,Rewarded,NaN,1680.24220364995,1680.24246614997,1681.46322819998,1684.58958289993,1693.24089274998,Neutral,1680.8425392485,1681.511,1684.62170035673,3.5
141,1,SymmetricReward,0.125,0,Left,Left,1695.51117724995,1695.41861776821,Rewarded,NaN,1693.24849464989,1693.24876714998,1694.61982525,1695.91404095001,1703.08304165001,Neutral,1693.84776322036,1694.665,1695.94570031067,3.5
142,1,SymmetricReward,0,0,Right,Left,1710.84245660005,1710.75309407618,Unrewarded,1711.1945,1703.09044914995,1703.0907177499,1706.98108075,1711.15454995004,1721.27545875008,Neutral,1706.19557086467,1707.0285,NaN,NaN
143,1,SymmetricReward,0.0625,0,Left,Left,1722.69468710001,1722.52119692881,Rewarded,NaN,1721.28284145007,1721.28310055006,1722.61734520004,1723.09239809995,1730.85417784995,Neutral,1721.88780000002,1722.6695,1723.12720034355,3.5
144,1,SymmetricReward,0,0.125,Right,Left,1732.52630300005,1732.46738180425,Unrewarded,1732.805,1730.86150564998,1730.86179865,1732.33941219992,1732.76933789998,1743.74081414996,Neutral,1731.45754445848,1732.384,NaN,NaN
145,1,SymmetricReward,0.25,0,Left,Left,1745.49349450006,1745.30136864353,Rewarded,NaN,1743.74855555,1743.74882114993,1745.24374569999,1745.85733164998,1754.72533519985,Neutral,1744.34353284345,1745.3195,1745.88870031067,3.5
146,1,SymmetricReward,0,0,Left,Left,1758.87675290008,1758.72407047544,Rewarded,NaN,1754.73238079983,1754.73264759989,1755.93289714993,1759.12184189993,1768.33944514988,Neutral,1755.33995395898,1755.981,1759.15470037644,3.5
147,1,SymmetricReward,0,0.0625,Right,Left,1771.09333745006,1771.04680482112,Unrewarded,1771.517,1768.34730974992,1768.3475819499,1769.71748005005,1771.47483245004,1779.59460940002,Neutral,1768.95404094088,1769.7865,NaN,NaN
148,1,SymmetricReward,0.125,0,Left,Left,1781.19294039987,1781.11692969501,Rewarded,NaN,1779.60172739998,1779.60199529992,1780.93957090005,1781.41180889984,1788.76678664994,Neutral,1780.20095946749,1780.9875,1781.44270035673,3.5
149,1,SymmetricReward,0,0,Left,Left,1794.89381989988,1794.75342802424,Rewarded,NaN,1788.77450664993,1788.77486795001,1791.27961435006,1795.2748097498,1803.67037205002,Neutral,1790.55254285278,1791.3305,1795.30670036326,3.5
150,1,SymmetricReward,0,0,Right,Left,1810.86103535001,1810.7912638234,Unrewarded,1811.167,1803.67830355,1803.67858095001,1805.64947539999,1811.12450215011,1820.45085299993,Neutral,1804.75604005135,1805.697,NaN,NaN
151,1,SymmetricReward,0,0.0625,Right,Left,1821.89452864986,1821.80333268549,Unrewarded,1822.157,1820.45864910004,1820.45892559993,1821.6567492499,1822.11629555002,1831.03418039985,Neutral,1821.06253426131,1821.708,NaN,NaN
152,1,SymmetricReward,0.25,0,Left,Left,1832.52761434997,1832.33203555364,Rewarded,NaN,1831.04127019993,1831.04153809987,1832.44964409992,1832.90239244991,1841.96674035012,Neutral,1831.63954705882,1832.497,1832.93420036326,3.5
153,1,SymmetricReward,0,0.5,Right,Left,1843.36152759998,1843.16748991795,Unrewarded,1843.771,1841.9739081501,1841.97419305006,1843.31912130001,1843.73100384988,1853.80268580001,Neutral,1842.57255111865,1843.363,NaN,NaN
154,2,SymmetricReward,0,0.5,Right,Right,1855.31101984996,1855.06263126899,Rewarded,NaN,1853.80990300002,1853.8101764,1855.01755314996,1855.54658349999,1864.0867789,Neutral,1854.4100362444,1855.0625,1855.57620035009,3.5
155,1,SymmetricReward,0,0.25,Right,Left,1884.99477074994,1884.89808739536,Unrewarded,1885.429,1864.09626899997,1864.09654689999,1865.61863679998,1885.38588209997,1896.36122299999,Neutral,1864.97605096643,1865.6665,NaN,NaN
156,1,SymmetricReward,0.125,0,Left,Left,1897.86181765003,1897.67630123533,Rewarded,NaN,1896.37055849994,1896.37083779997,1897.57471325004,1898.15821979987,1905.44911739998,Neutral,1896.96804550425,1897.6245,1898.18870034355,3.5
157,1,SymmetricReward,0,0.0625,Right,Left,1909.21236905002,1909.15624359157,Unrewarded,1909.468,1905.45701169991,1905.457375,1906.72534260002,1909.42975655,1919.70808040013,Neutral,1906.06138157251,1906.7725,NaN,NaN
158,1,SymmetricReward,0,0,Left,Left,1936.06201194995,1935.99854875542,Rewarded,NaN,1919.71504220017,1919.71530070016,1922.01067895,1936.27741764998,1944.13102570002,Neutral,1921.14002430372,1922.087,1936.31020034355,3.5
